datetime;GARCH;HAR;RFSV;actuals
2018-11-22 00:00:00;-14.730737955150067;-14.730737955150067;-14.730737955150067;-13.933630593128646
2018-11-22 01:00:00;-14.737283144778475;-14.93826307040671;-14.710797110975085;-14.196477019583662
2018-11-22 02:00:00;-14.787682678423039;-14.542366428591128;-14.42648377348557;-13.41511431907473
2018-11-22 03:00:00;-14.668265453579155;-14.66836508281885;-14.514564529502183;-12.513442886995422
2018-11-22 04:00:00;-14.745737117517873;-14.256857623917808;-14.645561926554317;-12.873474766947343
2018-11-22 05:00:00;-14.708816723308761;-13.7999954396764;-14.350046080249976;-12.467909962207129
2018-11-22 06:00:00;-14.57390265129146;-13.964771938824965;-14.422772206327748;-13.058967403082857
2018-11-22 07:00:00;-14.633146580005425;-13.745152861911569;-14.462643374969247;-13.285901666701985
2018-11-22 08:00:00;-14.6689581604408;-14.036511918540198;-14.071463849413748;-13.648834065326737
2018-11-22 09:00:00;-14.086291637884955;-14.14119353735468;-13.979892959776194;-13.786357058275424
2018-11-22 10:00:00;-14.244119049747164;-14.323276188067736;-14.043426249789196;-12.948437659501703
2018-11-22 11:00:00;-14.539089466162801;-14.379094394406833;-13.851000921665904;-12.285792088333181
2018-11-22 12:00:00;-14.694620819281806;-13.932500359280501;-13.899718906520674;-13.354729977646041
2018-11-22 18:00:00;-14.48436066120683;-13.6038525856772;-14.104213092306956;-12.320293771301158
2018-11-22 19:00:00;-14.690273921998363;-14.15647376371133;-13.965767280519366;-14.025266534345548
2018-11-22 20:00:00;-14.760646013232822;-13.653309129158023;-13.840086958648442;-14.11918264286242
2018-11-22 21:00:00;-14.754075818553524;-14.515028414465894;-13.669497953615569;-14.206857674412456
2018-11-22 22:00:00;-13.888196247697852;-14.563651682287206;-13.842251994393683;-13.686633504697669
2018-11-22 23:00:00;-14.285124756222698;-14.59822620753956;-13.719434325478892;-14.452615263911147
2018-11-23 00:00:00;-14.494383888750935;-14.333165051675016;-13.807037966197932;-13.345897722309445
2018-11-23 01:00:00;-14.421812574291442;-14.70838143585262;-13.752486242805869;-13.409526856225472
2018-11-23 02:00:00;-14.660679714145298;-14.159238824386824;-13.973606354120697;-12.810434892422492
2018-11-23 03:00:00;-14.788724283454094;-14.17567850850691;-13.89638965361787;-12.223342101369404
2018-11-23 04:00:00;-14.747534887755153;-13.846581291380408;-14.053722124864532;-13.304215218686652
2018-11-23 05:00:00;-14.86529288734084;-13.55981820314195;-13.906342858002665;-12.68691545432354
2018-11-23 06:00:00;-14.928436491800738;-14.077240308706129;-13.953205712034148;-12.80125148957075
2018-11-23 07:00:00;-14.76784541416404;-13.76687846968378;-13.942201259108424;-13.063676093663394
2018-11-23 08:00:00;-14.306119481278248;-13.80651799317035;-13.680706461610365;-12.178556291651345
2018-11-23 09:00:00;-14.638866292355726;-13.919281300361979;-13.596579010310801;-11.542800502410216
2018-11-23 10:00:00;-14.850985546919363;-13.460068865027202;-13.685794983108934;-11.57936150038021
2018-11-23 11:00:00;-14.7262938948868;-13.126481151954016;-13.605006098061372;-11.694990048803819
2018-11-23 12:00:00;-14.906858371702324;-13.122807264894098;-13.781970042488457;-12.201966192246106
2018-11-23 13:00:00;-15.005502368519947;-13.167391434532808;-13.692915135475799;-13.142353731856698
2018-11-25 18:00:00;-15.10067863066221;-13.400314646117513;-13.800445844434801;-11.79290464215638
2018-11-25 19:00:00;-14.486980941702926;-13.837582030097627;-13.695304404099641;-12.937954561118545
2018-11-25 20:00:00;-14.776718054014967;-13.167908083257535;-13.57433293242343;-12.937707027981094
2018-11-25 21:00:00;-14.81867650017681;-13.728850704562197;-13.528519156077797;-12.93819214647033
2018-11-25 22:00:00;-14.9904977149457;-13.718138423118608;-13.457939237486286;-13.551986933952314
2018-11-25 23:00:00;-14.943609096305646;-13.766404362519202;-13.662943029891427;-14.228019319974262
2018-11-26 00:00:00;-15.080474963606706;-14.09622900682084;-13.664109684271331;-14.202170537611357
2018-11-26 01:00:00;-15.104308985613727;-14.466502050635183;-13.289596618212425;-14.27020091141835
2018-11-26 02:00:00;-15.13480668028227;-14.457123170790146;-13.632182010478479;-12.572698777525913
2018-11-26 03:00:00;-15.153688993518182;-14.468278327872452;-13.259732102834667;-12.112682266241606
2018-11-26 04:00:00;-14.853616024197068;-13.563633148319331;-13.38180875993389;-12.771317395627898
2018-11-26 05:00:00;-14.864021929690848;-13.321122245278586;-13.958820508303361;-13.891892276660528
2018-11-26 06:00:00;-14.930441044924443;-13.679487788938635;-13.810563549116827;-13.221883905556538
2018-11-26 07:00:00;-14.849712101633672;-14.256188061666128;-13.667279833298554;-13.076856313387212
2018-11-26 08:00:00;-14.879689402351167;-13.899822810259293;-13.70014900009952;-13.085573575995964
2018-11-26 09:00:00;-14.274381268940072;-13.81356295994287;-13.667432806643497;-11.661712502025154
2018-11-26 10:00:00;-14.62947491529576;-13.806703269330304;-13.746407403324554;-11.878118606311027
2018-11-26 11:00:00;-14.709997627160227;-13.045486461916466;-13.740421250138347;-12.38770615567143
2018-11-26 12:00:00;-14.169866807236557;-13.164577332443391;-13.269082830026889;-12.070860104470736
2018-11-26 13:00:00;-13.730333267523989;-13.420960098389441;-13.449207109794324;-12.325486026990914
2018-11-26 14:00:00;-14.222482719283757;-13.237721683590555;-13.620268051262004;-12.294206572304335
2018-11-26 15:00:00;-14.451357888503791;-13.353918175909099;-13.71949292863657;-12.05345974648278
2018-11-26 16:00:00;-14.589010752543574;-13.327057512871958;-13.290813877209215;-11.937570251530387
2018-11-26 18:00:00;-14.70726788334511;-13.177700293696182;-13.162258960495482;-12.768026324130565
2018-11-26 19:00:00;-14.917901771468655;-13.108671285954037;-13.428549698213214;-13.276377213672276
2018-11-26 20:00:00;-14.929511419069959;-13.539419899648946;-13.29008932895886;-13.194186034770683
2018-11-26 21:00:00;-14.987967269267033;-13.794376008629383;-13.266037474954658;-13.909630459301205
2018-11-26 22:00:00;-14.873926165656263;-13.771519621656152;-13.326310705237814;-12.93517245970599
2018-11-26 23:00:00;-14.982856912589622;-14.149163961657313;-13.40544767874591;-14.017515989809661
2018-11-27 00:00:00;-15.07739910809384;-13.637826527205112;-13.389821261827219;-13.056679637885928
2018-11-27 01:00:00;-15.155626717308694;-14.217130152959909;-13.413122243036778;-13.712000489557692
2018-11-27 02:00:00;-14.392657766063461;-13.711189984190822;-13.742562715673065;-10.755425489050229
2018-11-27 03:00:00;-13.640435280533426;-14.017056217739777;-13.443647279996181;-11.739989927492859
2018-11-27 04:00:00;-14.183168350386365;-12.44685996184281;-13.681126883214533;-12.417447624108643
2018-11-27 05:00:00;-14.526286111816276;-12.987876143722842;-13.561869680321056;-12.821635421667292
2018-11-27 06:00:00;-14.799359906169878;-13.358541188481068;-13.361797221820547;-12.61945919850364
2018-11-27 07:00:00;-14.925239289675787;-13.571554541674322;-13.359631078632653;-13.125116792519682
2018-11-27 08:00:00;-15.010127619886358;-13.47243843981745;-13.456025825702817;-12.73663217079526
2018-11-27 09:00:00;-13.787278432762767;-13.74242363247277;-13.382244683725657;-11.392471824636667
2018-11-27 10:00:00;-14.282982232378293;-13.516635201478925;-13.50251596747987;-11.215683805117044
2018-11-27 11:00:00;-14.271798940533436;-12.79434265303596;-13.474128600955968;-11.763199261297657
2018-11-27 12:00:00;-14.371583318228184;-12.707917111111064;-13.511694425680071;-11.728583568011087
2018-11-27 13:00:00;-14.108250949434842;-12.992272133137204;-13.466155917794994;-11.741502465996916
2018-11-27 14:00:00;-14.056738611494302;-12.962877474755983;-13.217477504496593;-12.31663042293434
2018-11-27 15:00:00;-14.461615271720312;-12.968645595029562;-13.251794700281456;-11.923614449237983
2018-11-27 16:00:00;-13.76199532634734;-13.260474531334792;-13.384177956037313;-13.091097721707348
2018-11-27 18:00:00;-14.101910704737525;-13.070809410977501;-13.564042596691184;-14.157606384273505
2018-11-27 19:00:00;-14.456523475911084;-13.703977616356807;-13.442028909911997;-13.338843958450008
2018-11-27 20:00:00;-14.569683526846482;-14.241857888530808;-13.628481735753924;-13.54577677642142
2018-11-27 21:00:00;-14.486468485518857;-13.80109517490004;-13.45502915912632;-14.13145695399673
2018-11-27 22:00:00;-14.627363891880293;-13.94702218251543;-13.790308383365888;-14.343739347739504
2018-11-27 23:00:00;-14.698861540550777;-14.30013245027588;-13.581113567667709;-14.33050741698568
2018-11-28 00:00:00;-14.841728705368777;-14.444078058840946;-13.615980258676032;-14.632498420814573
2018-11-28 01:00:00;-14.842112855144565;-14.482753955480836;-13.404363242114572;-13.408035908362065
2018-11-28 02:00:00;-14.921877471033412;-14.645584830583024;-13.503446345408934;-13.771068785254885
2018-11-28 03:00:00;-14.955352428674683;-13.996351049944275;-13.192018976100833;-13.022702279446442
2018-11-28 04:00:00;-14.902657550157487;-14.19339904528014;-13.202987607395368;-13.162547817580222
2018-11-28 05:00:00;-14.975315774521693;-13.795105161542958;-13.234650743457173;-13.195232137751471
2018-11-28 06:00:00;-14.537356799029057;-13.883349659404454;-13.184058530776198;-13.598320546192097
2018-11-28 07:00:00;-14.724048107801105;-13.928846751277446;-13.40337667492642;-12.853446348048635
2018-11-28 08:00:00;-14.51893063929971;-14.146463081358368;-13.23214291269181;-13.378315960904537
2018-11-28 09:00:00;-14.073084691422839;-13.751278943186326;-13.168324936685163;-12.272176771770031
2018-11-28 10:00:00;-14.436121301305795;-14.014258894985366;-13.251288263588107;-12.080385747510705
2018-11-28 11:00:00;-14.192920820788974;-13.388451047295034;-13.215508315347886;-12.00642593359613
2018-11-28 12:00:00;-13.929991210340933;-13.270222576665168;-13.388836332089127;-10.353920819837239
2018-11-28 13:00:00;-14.36989112986141;-13.15946081439177;-13.187795954502452;-11.771348888893879
2018-11-28 14:00:00;-14.367147433303384;-12.261731198521487;-13.28510897110209;-11.572789790623188
2018-11-28 15:00:00;-14.515768455123078;-13.032927045442895;-13.236348739055595;-11.872623972415523
2018-11-28 16:00:00;-14.78300135961854;-12.920866071640217;-13.405215995394352;-12.685483770774868
2018-11-28 18:00:00;-14.784987963428135;-13.103768659108807;-13.135794515477912;-12.439754075770649
2018-11-28 19:00:00;-14.70796995237616;-13.533198356775484;-13.298799655604013;-13.721488119169807
2018-11-28 20:00:00;-14.908834422626809;-13.44612765460838;-13.082039609026117;-13.534004653006477
2018-11-28 21:00:00;-15.00195464934145;-14.137234746247733;-13.102905297320428;-13.919225718242618
2018-11-28 22:00:00;-15.08611437714457;-14.08447084814866;-13.114024483824233;-14.730325873960867
2018-11-28 23:00:00;-14.796036356457954;-14.362267754092679;-13.167805260585274;-15.018437014174646
2018-11-29 00:00:00;-14.786159660139026;-14.877411441966013;-13.254227770447482;-14.772653947154867
2018-11-29 01:00:00;-14.995123373618586;-15.090182957274001;-13.288812438717919;-14.365854033780087
2018-11-29 02:00:00;-15.120433588366279;-14.989303824485114;-13.28470430732443;-13.796576061094338
2018-11-29 03:00:00;-14.90834157742374;-14.774331632114063;-12.891385985292233;-13.080092681782322
2018-11-29 04:00:00;-15.053869237534961;-14.448591522269687;-13.3387383841023;-12.979536922574123
2018-11-29 05:00:00;-14.929928522166335;-14.051091874269549;-13.507714917324428;-13.271205293156061
2018-11-29 06:00:00;-15.11093281661574;-14.009684007396444;-13.449328317549394;-12.98118770988847
2018-11-29 07:00:00;-15.062296830175375;-14.17679959807132;-13.52086373372491;-13.17905392571675
2018-11-29 08:00:00;-14.984065267116808;-14.027789174707205;-13.18783194750378;-12.970557071493946
2018-11-29 09:00:00;-14.48511418621637;-14.130706762615526;-13.39337884237948;-12.006755514084798
2018-11-29 10:00:00;-11.833104086472375;-13.989823881490244;-13.430102882234923;-10.938647749778733
2018-11-29 11:00:00;-12.665352866638207;-13.392505134570568;-13.297292859067111;-11.332062755465927
2018-11-29 12:00:00;-13.545809218987717;-12.763168988495442;-13.25030367680314;-12.593805444751151
2018-11-29 13:00:00;-12.658823462004676;-13.001008794587213;-13.355857210256481;-12.620377955583962
2018-11-29 14:00:00;-13.56319690953865;-13.700102965732414;-12.963666432981332;-11.648098027305306
2018-11-29 15:00:00;-14.377241625012564;-13.66839415503801;-13.177460335872725;-11.917820171263145
2018-11-29 16:00:00;-14.802602926609753;-13.114787652232893;-13.255720510719382;-13.57069071938974
2018-11-29 18:00:00;-15.023385220281689;-13.310793027416674;-12.91184180623327;-13.859040507084346
2018-11-29 19:00:00;-14.927995561943597;-14.226560375025135;-13.012345873273508;-13.547977782826058
2018-11-29 20:00:00;-15.1542037855789;-14.375316804774377;-13.36564377910618;-13.661542121952989
2018-11-29 21:00:00;-14.910098222874614;-14.228061308243303;-13.273326350784243;-13.743976862533765
2018-11-29 22:00:00;-15.20092068934554;-14.313180732446883;-13.08163023968324;-14.821023655542628
2018-11-29 23:00:00;-15.322129989766347;-14.437893694851022;-13.2146860114242;-14.713708086140214
2018-11-30 00:00:00;-15.266248991344922;-15.256370667599223;-13.339076192124917;-14.127763038601636
2018-11-30 01:00:00;-14.943155814216952;-15.19230232616069;-12.997778681700494;-14.615446583346841
2018-11-30 02:00:00;-15.113341773630314;-14.859737171143905;-12.96727625663244;-14.543313967359719
2018-11-30 03:00:00;-15.309760563290597;-15.199212969328352;-13.048303867737909;-13.757743364211912
2018-11-30 04:00:00;-15.378642077751053;-15.145730958210263;-12.771650211903452;-13.637607479450926
2018-11-30 05:00:00;-15.091508933628106;-14.640842407158733;-12.936168630114997;-13.615903624584012
2018-11-30 06:00:00;-15.322235408456404;-14.569071331837785;-12.940503956974752;-13.835377407034418
2018-11-30 07:00:00;-13.918242017078887;-14.566909156648437;-12.846496669201231;-13.641428291241121
2018-11-30 08:00:00;-13.294694759440846;-14.712781892640706;-12.688554958374779;-11.703363831683632
2018-11-30 09:00:00;-14.104023653528584;-14.520739953386895;-13.029281096414941;-12.263109633112135
2018-11-30 10:00:00;-14.809333467528505;-13.274371943526083;-13.010479475284033;-12.244112299416903
2018-11-30 11:00:00;-13.235158435820356;-13.62029414724094;-12.79669594538448;-12.466472180623686
2018-11-30 12:00:00;-12.760981041884213;-13.605165935077691;-12.821180766638186;-12.811997664086828
2018-11-30 13:00:00;-13.614047917505347;-13.752882800868447;-12.884956462203872;-11.822086043598087
2018-11-30 14:00:00;-14.435700858407383;-13.94107608228118;-12.784344169740145;-12.500470771636557
2018-11-30 15:00:00;-14.944014452692686;-13.33242673859784;-12.824241770726788;-11.73703848468803
2018-11-30 16:00:00;-15.203082482066087;-13.729875674552941;-12.683784685548423;-12.687299266075815
2018-12-02 18:00:00;-15.278857242042923;-13.274325192392906;-12.744809110328717;-8.500708525067878
2018-12-02 19:00:00;-15.350974193567769;-13.704913584212713;-12.917014315762088;-13.41165033191762
2018-12-02 20:00:00;-15.174396820828674;-11.431613887894892;-12.773886705367996;-13.322289558671413
2018-12-02 21:00:00;-15.323355248009758;-14.270548011863935;-12.700775429800428;-13.638767289306482
2018-12-02 22:00:00;-15.392677361320175;-14.254784491426305;-13.099657205265022;-13.882016884361555
2018-12-02 23:00:00;-14.719110565600088;-14.45748297575737;-12.845761758438151;-14.233447024867747
2018-12-03 00:00:00;-15.117154331499963;-14.581803332344897;-12.906737124302825;-13.90665512488849
2018-12-03 01:00:00;-15.188363611964965;-14.944485809583945;-12.952004021150605;-14.186244424878394
2018-12-03 02:00:00;-15.251957429339503;-14.74322654549993;-12.501141469649921;-13.531982665177072
2018-12-03 03:00:00;-15.285759411901033;-14.924379432810564;-12.785523384650872;-13.275702404238809
2018-12-03 04:00:00;-14.345178895132765;-14.478843942829489;-12.726749876430484;-13.500576871837922
2018-12-03 05:00:00;-14.864790408269812;-14.31249684455147;-12.956271977632833;-13.37078429770636
2018-12-03 06:00:00;-14.946433207052829;-14.453983605641183;-13.166417764626958;-13.612376893980777
2018-12-03 07:00:00;-15.271227357434794;-14.378323840940023;-12.85858454831552;-12.905963585376684
2018-12-03 08:00:00;-14.778506912684364;-14.515884032644943;-12.627706226589755;-13.101298483300416
2018-12-03 09:00:00;-13.465435635635593;-14.054636160038688;-12.74324584931223;-11.905459146203427
2018-12-03 10:00:00;-14.40950930534905;-14.162453938415537;-12.995010283365763;-11.389245266218465
2018-12-03 11:00:00;-14.378340700232185;-13.336615846573348;-12.774767524113276;-11.427201405794154
2018-12-03 12:00:00;-14.161319878197187;-12.967014799165247;-12.816032651771572;-12.18878045221871
2018-12-03 13:00:00;-14.537296421312664;-12.996443393127327;-12.54069801718321;-12.108548337514481
2018-12-03 14:00:00;-15.031235547495784;-13.498991170594442;-12.653790763150294;-11.65814517041322
2018-12-03 15:00:00;-14.466282955266996;-13.426097633954976;-12.7849994324177;-11.522166593015214
2018-12-03 16:00:00;-15.025165337332698;-13.11993433527383;-12.739358366425328;-12.945728413575017
2018-12-03 18:00:00;-15.26801264761845;-13.062756024837329;-12.754832864444534;-13.132862932931483
2018-12-03 19:00:00;-15.356196331400916;-14.01950667670014;-12.64741835940544;-13.612976428367228
2018-12-03 20:00:00;-15.342549356907647;-14.179145231782561;-12.618448711459967;-13.470877524612472
2018-12-03 21:00:00;-14.822700734852836;-14.50278326570807;-12.6691939330553;-14.24060141054992
2018-12-03 22:00:00;-15.050149207673286;-14.436645775064317;-12.576725911107905;-13.602557416891495
2018-12-03 23:00:00;-15.318992293849073;-14.948682129378799;-12.5378333654299;-13.667805731410946
2018-12-04 00:00:00;-15.060854473208234;-14.526169832385134;-12.469628231135106;-12.580355638875831
2018-12-04 01:00:00;-14.782283321024691;-14.562404091938395;-12.623209701834021;-13.490846038160008
2018-12-04 02:00:00;-14.869454886183176;-13.83305375349336;-12.668493689772074;-13.330875640996789
2018-12-04 03:00:00;-15.265670513106983;-14.458285583549904;-12.60955708295127;-12.627473206230835
2018-12-04 04:00:00;-13.636614556158117;-14.332024101330791;-12.786529343562961;-12.904396779682132
2018-12-04 05:00:00;-13.926869842787497;-13.853760639091336;-12.43976001111791;-13.215700252535605
2018-12-04 06:00:00;-14.45585537540561;-14.041612917341016;-12.56452417761997;-13.092803691992765
2018-12-04 07:00:00;-13.934004573737372;-14.246100584784541;-12.564930133760505;-13.09511120413431
2018-12-04 08:00:00;-14.797019965469728;-14.159769343817773;-12.801155644769285;-13.061424295369454
2018-12-04 09:00:00;-14.902277237773951;-14.170972852573327;-12.779281966925316;-11.719767348317529
2018-12-04 10:00:00;-14.417014482147652;-14.13245116171796;-12.469503894266564;-11.556244787596837
2018-12-04 11:00:00;-15.042696640672252;-13.221581990556716;-12.313769060223992;-12.163558099713168
2018-12-04 12:00:00;-15.020240299117072;-13.112433122020335;-12.454457005287916;-10.260273090129736
2018-12-04 13:00:00;-15.280358729765256;-13.478393146681137;-12.395127123088702;-10.307244567328613
2018-12-04 14:00:00;-15.302363219121759;-12.153308793665964;-12.17460270121131;-10.620695065151716
2018-12-04 15:00:00;-15.117810597661638;-12.15801218253658;-12.462814303719673;-10.260588226746298
2018-12-04 16:00:00;-15.091003880442202;-12.338816405534699;-12.328108426030042;-11.617580391254746
2018-12-04 18:00:00;-14.238586222400125;-12.117922134436123;-12.64239679623592;-12.333334017839716
2018-12-04 19:00:00;-14.772850105375625;-13.071478564769057;-12.463923167624664;-12.551368366973048
2018-12-04 20:00:00;-14.767947724073993;-13.570956090529291;-12.445849948446416;-13.329912101193353
2018-12-04 21:00:00;-15.209497216108069;-13.742040395432692;-12.235810312664203;-14.073200760553684
2018-12-04 22:00:00;-15.19395274914067;-14.29315239253179;-12.113884394160603;-13.943650696521413
2018-12-04 23:00:00;-14.356079352301965;-14.80725287532882;-12.153415393570414;-14.129317268597323
2018-12-05 00:00:00;-15.018570244693624;-14.730161081256707;-12.192839586946842;-12.664207078940374
2018-12-05 01:00:00;-15.277257386776986;-14.850081503450928;-12.003402746626227;-13.738140930840391
2018-12-05 02:00:00;-14.655820964577961;-13.845546790448706;-12.153582048600544;-12.662495922971566
2018-12-05 03:00:00;-13.946520717253106;-14.57683097522129;-11.998905676846714;-12.369345224056042
2018-12-05 04:00:00;-14.391458925492115;-13.824022935804944;-12.180255830518865;-13.259952118219678
2018-12-05 05:00:00;-14.10828703362158;-13.63102639826537;-12.250363685181707;-12.92224357695094
2018-12-05 06:00:00;-11.148217796829464;-14.235765328780532;-12.333911627862769;-13.412562307710566
2018-12-05 07:00:00;-12.641646726823721;-14.011464845007884;-12.420913805355937;-13.568397436335447
2018-12-05 08:00:00;-14.272606908631097;-14.352590319575581;-12.643773662181545;-13.351574722095734
2018-12-05 09:00:00;-12.318083579214347;-14.464259463565655;-12.446546047931344;-14.033486989531637
2018-12-05 18:00:00;-13.526951950814944;-14.339762578004882;-12.350126256260092;-7.992825871579305
2018-12-05 19:00:00;-14.517337197978375;-14.654816514453517;-12.376156799333096;-12.002946959927291
2018-12-05 20:00:00;-14.370538527522399;-10.881384070679704;-12.317729592814246;-11.240693448874689
2018-12-05 21:00:00;-15.014401896359969;-13.341044849259616;-12.461663998867877;-12.298210898430822
2018-12-05 22:00:00;-15.098722058423235;-12.881621075273452;-12.22723074097699;-11.615082431523403
2018-12-05 23:00:00;-15.15519531666145;-13.515768002404835;-12.354688724236357;-12.38847594258162
2018-12-06 00:00:00;-15.3634194352742;-13.119552374688;-12.521329755618803;-12.45834793624871
2018-12-06 01:00:00;-15.435111296867817;-13.608973678060137;-12.537336403525899;-12.74799642262706
2018-12-06 02:00:00;-15.307398183499314;-13.664189714789403;-12.498232248251389;-11.55173384195487
2018-12-06 03:00:00;-15.315411755408753;-13.820366442640589;-12.576151839121682;-11.859185770047612
2018-12-06 04:00:00;-15.439330071696883;-13.10636573146146;-12.559678943603856;-11.38154232908303
2018-12-06 05:00:00;-15.109307337514577;-13.288957264476396;-12.326003964251248;-12.111605484432914
2018-12-06 06:00:00;-15.111372011599663;-13.035032350609166;-12.390235209504574;-12.05542727395413
2018-12-06 07:00:00;-15.311003846816574;-13.441449475510668;-12.357423695969928;-12.097478074427894
2018-12-06 08:00:00;-15.409725929945951;-13.40446731862089;-12.565296190595419;-11.831766628202269
2018-12-06 09:00:00;-15.484415677894619;-13.416054956162077;-12.337714262145912;-10.237862674013144
2018-12-06 10:00:00;-15.095899328636781;-13.2149194139747;-12.529154936236857;-10.0582614229374
2018-12-06 11:00:00;-14.044088675143133;-12.2054839476333;-12.449999878001993;-10.38680706553968
2018-12-06 12:00:00;-14.575176332763677;-12.061354713714406;-12.332029319560448;-10.605976084330107
2018-12-06 13:00:00;-15.070310676210784;-12.220070676843843;-12.258939043952042;-10.701612203006665
2018-12-06 14:00:00;-15.302906544680878;-12.313303306922455;-12.114022595086142;-10.102305877721905
2018-12-06 15:00:00;-15.207923465367548;-12.297226091354132;-12.18929550805978;-10.288865702843168
2018-12-06 16:00:00;-15.090238896219375;-11.893000878910032;-11.99669460906425;-11.950544699157373
2018-12-06 18:00:00;-13.296237324118007;-12.066695672458687;-12.128181036385572;-12.611917816214632
2018-12-06 19:00:00;-13.579934473453154;-13.119464160895324;-12.12684457942226;-12.468775159837486
2018-12-06 20:00:00;-12.523944627727511;-13.547464763200239;-12.070507955692591;-12.25938399749701
2018-12-06 21:00:00;-13.611758432594623;-13.452094391836281;-12.466659397420186;-12.706107466238567
2018-12-06 22:00:00;-14.567424632655895;-13.356159167100659;-12.046944629812561;-13.645542515952998
2018-12-06 23:00:00;-14.765795102245718;-13.680884417392736;-11.792419734166288;-14.140480767506945
2018-12-07 00:00:00;-15.236229627732946;-14.363044878236572;-11.84816591725234;-14.438001479258622
2018-12-07 01:00:00;-13.212596579671363;-14.735095112126514;-11.892910127316316;-14.07535665144617
2018-12-07 02:00:00;-13.543827616917621;-14.934716224701697;-11.8355733868995;-12.192148121767696
2018-12-07 03:00:00;-13.957083170007119;-14.632042087683937;-12.17222879836802;-11.972882267245154
2018-12-07 04:00:00;-12.66015781780193;-13.43513392656183;-12.422306364437263;-12.302680142041034
2018-12-07 05:00:00;-13.42683530151848;-13.311321699160388;-12.55590306297706;-12.727519419420027
2018-12-07 06:00:00;-14.249844892692517;-13.5501833741079;-12.46649679277718;-12.633666712634703
2018-12-07 07:00:00;-11.824576833421801;-13.809622247422192;-12.394142410004465;-12.78233461259892
2018-12-07 08:00:00;-12.585831810313916;-13.750529399900367;-12.344352767136503;-11.379808125895687
2018-12-07 09:00:00;-13.246155007444687;-13.807772342092472;-12.28638101323589;-11.00568304340432
2018-12-07 10:00:00;-13.519006811215183;-12.903836526239978;-12.660050475517739;-10.245571817157632
2018-12-07 11:00:00;-14.094603628670964;-12.622221721412851;-12.43830689926668;-10.215065210473616
2018-12-07 12:00:00;-14.671225233318443;-12.082538857512672;-12.611156557836999;-10.470258248397204
2018-12-07 13:00:00;-15.07599805379034;-12.026685964021285;-12.512861675513372;-10.855514626507976
2018-12-07 14:00:00;-15.264796894928113;-12.172779094617438;-12.674390242557305;-10.350031840092731
2018-12-07 15:00:00;-15.26941798175799;-12.354643100027493;-12.59740227592824;-9.878577319972136
2018-12-07 16:00:00;-13.152656908021735;-11.964598413949181;-12.34744559953092;-12.973798219329792
2018-12-09 18:00:00;-13.543164247817451;-11.796208423815221;-12.559373419419082;-9.650566019502966
2018-12-09 19:00:00;-13.900162799176188;-13.566283516825576;-12.480441014950667;-11.410911771746978
2018-12-09 20:00:00;-14.41599076402698;-11.569848255297648;-12.477563402589892;-12.020551821801341
2018-12-09 21:00:00;-14.21458218252941;-12.655811537327532;-12.209439811963708;-12.285495872109307
2018-12-09 22:00:00;-14.551589817110811;-13.034874884140363;-12.238642124999876;-13.520056724158593
2018-12-09 23:00:00;-13.492946523365251;-13.270088463924402;-12.107185748652844;-13.6436252147237
2018-12-10 00:00:00;-13.343842035809276;-14.071914280229384;-12.514232007496991;-13.660269347844398
2018-12-10 01:00:00;-12.274288483922824;-14.202804594399185;-12.728127289393074;-13.03639746653227
2018-12-10 02:00:00;-11.528218436656601;-14.222211329596057;-12.183214432555195;-12.012431438388619
2018-12-10 03:00:00;-12.218136343706258;-13.78551735994836;-12.765716965583636;-11.617059433702423
2018-12-10 04:00:00;-12.111427000080383;-13.139563763232122;-12.656575013843346;-12.188919331384138
2018-12-10 05:00:00;-12.479183907511878;-12.892297521375513;-12.227347559876545;-12.660485776627846
2018-12-10 06:00:00;-13.169897633272672;-13.268677039478318;-12.46498972626602;-12.641232890624895
2018-12-10 07:00:00;-13.774769430504168;-13.563857903967742;-12.429450874190836;-12.34589592075525
2018-12-10 08:00:00;-14.442812518961254;-13.558888551077684;-12.809742966810456;-12.026286914116751
2018-12-10 09:00:00;-14.46891931798814;-13.356773794731136;-12.663150157693792;-10.24392748224593
2018-12-10 10:00:00;-14.567363629102914;-13.097130877964265;-12.460735503336222;-9.816418720337122
2018-12-10 11:00:00;-14.971236608532266;-11.935716078944864;-12.675339154645782;-9.62839936036889
2018-12-10 12:00:00;-15.067772793317925;-11.60973626941593;-12.124697143945362;-10.352748173469301
2018-12-10 13:00:00;-15.21223002546129;-11.472909780235895;-12.382031667452743;-10.596000154740437
2018-12-10 14:00:00;-15.11052090492042;-11.905618116241481;-12.43133251529939;-10.225599867389151
2018-12-10 15:00:00;-13.87363528045894;-12.012896978646562;-12.403108382995772;-10.907693035533317
2018-12-10 16:00:00;-14.31504384040139;-11.774410670932049;-12.608508276046807;-12.13880295246604
2018-12-10 18:00:00;-14.23385087789583;-12.244802671237533;-12.44909455751011;-12.841808434695755
2018-12-10 19:00:00;-14.679477604345506;-13.071158385176762;-12.157499047192516;-12.467406347154714
2018-12-10 20:00:00;-14.965500184133088;-13.523987647740308;-12.205151437567086;-11.790380911828434
2018-12-10 21:00:00;-14.02925957952733;-13.263530781651344;-12.435626761069823;-12.43049617672024
2018-12-10 22:00:00;-14.589308607111384;-12.858679833442858;-12.751521766085483;-13.095598056680421
2018-12-10 23:00:00;-12.176439228282996;-13.302495067674315;-12.223111403642937;-14.081998171404242
2018-12-11 00:00:00;-12.50199423572699;-13.797686330397312;-12.46175922154637;-13.426141300989281
2018-12-11 01:00:00;-13.251166260581526;-14.463030855158525;-12.462826089431442;-13.737927483568441
2018-12-11 02:00:00;-12.265743226507198;-14.073367892592197;-12.549933340346266;-12.956555553305837
2018-12-11 03:00:00;-12.854480335976751;-14.27039723155814;-12.286364740504254;-11.724213112248965
2018-12-11 04:00:00;-13.538939712131743;-13.72710731742457;-12.344340367814747;-12.896245940965509
2018-12-11 05:00:00;-13.574701993662062;-12.952532234155774;-12.760642542900895;-12.157881687216383
2018-12-11 06:00:00;-14.047803626383125;-13.703292730196997;-12.43459396814958;-11.849249097746558
2018-12-11 07:00:00;-14.14760701123436;-13.214756456053124;-12.517015645144918;-12.071537971242934
2018-12-11 08:00:00;-14.564620005238181;-13.014534377003516;-12.29502102311226;-11.525125832141205
2018-12-11 09:00:00;-14.870547623260157;-13.148874472830967;-12.445023382010516;-11.033351316285042
2018-12-11 10:00:00;-14.975552047194583;-12.777681205104148;-12.601187567185432;-10.562861013617155
2018-12-11 11:00:00;-14.928775902771475;-12.43033262611235;-12.54796582916254;-10.682666393646645
2018-12-11 12:00:00;-15.089353473496969;-12.104959879419171;-12.242532050666963;-10.631785119714516
2018-12-11 13:00:00;-15.094115299952973;-12.165095896049753;-12.427120189897611;-10.620410690052113
2018-12-11 14:00:00;-15.207387459703492;-12.118032614145282;-12.427987042337058;-10.620171649531954
2018-12-11 15:00:00;-15.072916085298134;-12.092570233849331;-12.039378233732712;-10.429590766904218
2018-12-11 16:00:00;-14.070456064061029;-12.074785249736022;-12.13029311800036;-12.101524332433122
2018-12-11 18:00:00;-13.30877336906446;-11.989509362398252;-12.085673590118468;-10.793995355725954
2018-12-11 19:00:00;-13.662425560654517;-13.045409776283094;-12.318180947132396;-12.08121062767367
2018-12-11 20:00:00;-14.018074483708087;-12.223158851143896;-12.339046168525819;-12.243606048245352
2018-12-11 21:00:00;-13.708137799625865;-13.06848082179903;-12.43287939226908;-13.181638233233173
2018-12-11 22:00:00;-13.845405717891873;-13.208842070192285;-12.16604324792973;-13.444664778109345
2018-12-11 23:00:00;-13.772001344610539;-13.85080901870361;-12.722626344489944;-13.193659267962582
2018-12-12 00:00:00;-13.609552427210282;-14.040439787826118;-12.431050075792186;-13.152181042845122
2018-12-12 01:00:00;-12.858377420371161;-13.891815285480709;-12.11160259995721;-13.389890715971005
2018-12-12 02:00:00;-12.57149864224629;-13.884234456030322;-12.30999168654449;-12.469225263087866
2018-12-12 03:00:00;-11.98736186492719;-14.031370336507921;-12.508211646024593;-11.964998914614505
2018-12-12 04:00:00;-12.583198447630036;-13.41199042694131;-12.389237763895308;-12.390446915783615
2018-12-12 05:00:00;-13.139617209340967;-13.100683573775258;-12.550000435555848;-12.901509147883713
2018-12-12 06:00:00;-13.265548326686188;-13.406366856880942;-12.445279865217126;-12.325560240464286
2018-12-12 07:00:00;-13.829226549044538;-13.74961170878405;-12.309507891654443;-12.375451468403513
2018-12-12 08:00:00;-14.298294387954238;-13.36649502495424;-12.373697969303914;-12.295190712627166
2018-12-12 09:00:00;-14.509484730681088;-13.428367011085575;-12.155150466522453;-11.329457128826434
2018-12-12 10:00:00;-14.887653306156418;-13.353313258953841;-12.557787033139624;-10.870008870411041
2018-12-12 11:00:00;-14.766153493582431;-12.685908236779659;-12.432385343028008;-11.225530514964595
2018-12-12 12:00:00;-14.845752789205937;-12.369924413837426;-12.630346025304467;-11.711645022900452
2018-12-12 13:00:00;-13.715428452036674;-12.613062616202635;-12.24879982853728;-12.2414271927529
2018-12-12 14:00:00;-13.963728116716208;-12.949422525071812;-12.465393578158686;-10.749556577151946
2018-12-12 15:00:00;-13.232620835343775;-13.274102505711907;-12.542087995432894;-10.724580923273422
2018-12-12 16:00:00;-13.952589751329855;-12.278255092567045;-12.157892644639889;-11.936142483599435
2018-12-12 17:00:00;-14.375333216540746;-12.296173184297379;-12.43749634837819;-18.53787882707529
2018-12-12 18:00:00;-14.593939291406077;-13.258242251324189;-12.378614680740306;-13.120343223351055
2018-12-12 19:00:00;-13.700842537101646;-17.175485402863266;-12.41985247650824;-13.316511984473635
2018-12-12 20:00:00;-13.865515875352186;-13.922904904675681;-12.333288663029624;-12.974439699778788
2018-12-12 21:00:00;-13.429205115053895;-14.041140110649613;-12.419700188626843;-12.976621123208504
2018-12-12 22:00:00;-14.100025221018122;-13.842642390441148;-12.434735187630235;-13.942839837075487
2018-12-12 23:00:00;-14.548038172449719;-13.854647636527039;-12.554286602821394;-14.404093109088407
2018-12-13 00:00:00;-14.445596530243522;-14.471735212160068;-12.435304332333587;-14.045697019345514
2018-12-13 01:00:00;-12.945263706985822;-14.772294634100119;-12.580664008132434;-13.664631378227487
2018-12-13 02:00:00;-12.767754507756644;-14.559331360505281;-12.352046932962018;-13.36144006749839
2018-12-13 03:00:00;-13.57464713315019;-14.315619167272663;-12.06814193942284;-12.10326144335899
2018-12-13 04:00:00;-14.25296489036158;-14.104465427772842;-12.45267233385273;-12.67519888576247
2018-12-13 05:00:00;-13.927645194034216;-13.342439394619634;-12.441315302602574;-12.903884693842382
2018-12-13 06:00:00;-14.36452461269138;-13.692055347566319;-12.16650519832305;-12.677282838289711
2018-12-13 07:00:00;-14.357734735375077;-13.841188294568662;-12.150677071219013;-12.439053379408387
2018-12-13 08:00:00;-14.54301314690626;-13.704076036456703;-12.148276236498134;-12.239835862902195
2018-12-13 09:00:00;-14.852098312983964;-13.568297670114324;-12.102040703935577;-11.03698093969536
2018-12-13 10:00:00;-15.076343027977016;-13.434791084132895;-12.16902811214136;-10.318195100267992
2018-12-13 11:00:00;-14.614913507905406;-12.682645044478148;-12.20521759550433;-10.463089553313997
2018-12-13 12:00:00;-14.465550941465223;-12.223649977634063;-12.198529133956422;-11.046121050009727
2018-12-13 13:00:00;-14.675640715821888;-12.323625234906713;-12.066837870260407;-11.077301558413113
2018-12-13 14:00:00;-13.47253567413707;-12.674915328184435;-12.196112998457911;-11.072400586713663
2018-12-13 15:00:00;-14.03587143820903;-12.709277996475228;-12.26445377928575;-11.317061844473
2018-12-13 16:00:00;-14.583456241579514;-12.72458049394677;-12.280071037654906;-12.022748788176708
2018-12-13 17:00:00;-14.276405753473885;-12.909736168488712;-12.37941078865372;-17.146957998894553
2018-12-13 18:00:00;-14.31550784854063;-13.523234924271078;-12.376957454855438;-12.725254553229933
2018-12-13 19:00:00;-14.253517444602528;-16.46124911678266;-12.326799262750823;-12.733261510854636
2018-12-13 20:00:00;-14.0382796991025;-13.934727053286101;-12.3494855001729;-11.65398532855213
2018-12-13 21:00:00;-14.589557278534258;-13.934763637454756;-12.471529301018668;-12.560202004654748
2018-12-13 22:00:00;-14.278597060250243;-13.318349304498431;-12.404107218147255;-13.118953373792802
2018-12-13 23:00:00;-14.615849987892055;-13.846411826592258;-12.271152952170066;-13.269075652468622
2018-12-14 00:00:00;-14.837013237613126;-14.150130201937108;-12.11169471677317;-13.365418132713026
2018-12-14 01:00:00;-15.048499356122356;-14.234602311366578;-12.432751729173912;-13.663378276405172
2018-12-14 02:00:00;-14.670607104952161;-14.278312392971776;-12.273484061096157;-12.916966439436719
2018-12-14 03:00:00;-14.395802730902401;-14.402137956935269;-12.709790073317455;-12.25647343830654
2018-12-14 04:00:00;-14.79677772905856;-13.93846138528817;-12.379533943946173;-12.712669933788984
2018-12-14 05:00:00;-14.98857550525892;-13.549836108584236;-12.327632089744379;-12.111469096726962
2018-12-14 06:00:00;-14.244172777693883;-13.784558946863205;-12.224544676628247;-12.6887363694891
2018-12-14 07:00:00;-13.35197106329688;-13.450104382177512;-12.359535993099243;-13.061540559988213
2018-12-14 08:00:00;-14.07348712684017;-13.79650835168261;-12.101096328685518;-12.563828433272834
2018-12-14 09:00:00;-14.514215809928196;-14.00597313666894;-12.194111092235595;-11.477418748756156
2018-12-14 10:00:00;-14.444229169057001;-13.70596537699785;-12.406964238669659;-10.885222679722535
2018-12-14 11:00:00;-14.638008858848568;-13.07252896645135;-11.896295885166424;-10.820179469513377
2018-12-14 12:00:00;-14.818933208621377;-12.718017432022654;-12.232105959364617;-11.101720529074063
2018-12-14 13:00:00;-15.04558914770857;-12.678874837944333;-12.401116079668036;-11.462206454284026
2018-12-14 14:00:00;-13.66903290153622;-12.861168462151971;-12.067076433453522;-11.031786639677456
2018-12-14 15:00:00;-14.238332322516985;-13.098342917991962;-12.182344813324148;-10.989859316496478
2018-12-14 16:00:00;-14.210854073475078;-12.874209251149876;-12.040386729370367;-12.466249913641379
2018-12-16 18:00:00;-14.572606150394124;-12.87679716639416;-12.023011808631265;-12.38789730344993
2018-12-16 19:00:00;-14.865346611302163;-13.73032381857004;-12.128446850419314;-12.876250277777526
2018-12-16 20:00:00;-14.846510141247736;-13.738112347637943;-12.431424297733672;-13.194080445405787
2018-12-16 21:00:00;-14.403535250890073;-14.04350769439621;-12.084850477442455;-13.04682938056251
2018-12-16 22:00:00;-14.242559451184173;-14.177950895377831;-12.05163012204709;-13.740935028984692
2018-12-16 23:00:00;-12.612439906400267;-14.11221094389426;-12.135612409358922;-14.442446380259945
2018-12-17 00:00:00;-13.247216585838773;-14.52689490746595;-12.347183298884843;-13.867604495644306
2018-12-17 01:00:00;-13.606228165223373;-14.915749161988662;-12.282708654389136;-14.216031001956777
2018-12-17 02:00:00;-14.04104598089694;-14.585350283897233;-12.506354788104646;-12.880372090169834
2018-12-17 03:00:00;-14.430976400669017;-14.722929408000168;-12.119889048657472;-12.08242200198279
2018-12-17 04:00:00;-14.445808359380301;-13.933639042607778;-12.173229012579977;-13.059347458648967
2018-12-17 05:00:00;-14.733625349276902;-13.480798732438627;-12.153508775927195;-13.3209609971676
2018-12-17 06:00:00;-14.547135988710705;-14.019614272443816;-12.088999066606071;-12.592423739404977
2018-12-17 07:00:00;-14.60038133811017;-14.158029095980416;-12.406206996120465;-12.647295056212965
2018-12-17 08:00:00;-14.620690167680523;-13.757515264606232;-12.28272020459966;-12.230229563327166
2018-12-17 09:00:00;-14.759214973127051;-13.788008756117042;-12.0904921130943;-10.643255731016176
2018-12-17 10:00:00;-14.924666616236118;-13.528736379962984;-12.252828230672797;-10.589845851375532
2018-12-17 11:00:00;-14.993123822670745;-12.615251100602803;-12.031524762598858;-11.210587027019841
2018-12-17 12:00:00;-14.309293505938601;-12.584351311999681;-12.032291968717553;-11.259300789672244
2018-12-17 13:00:00;-14.645787206907638;-12.936024469329423;-12.225508548855222;-10.423775789527085
2018-12-17 14:00:00;-14.826810328034743;-12.93701291910765;-11.993911021363987;-10.752324022889965
2018-12-17 15:00:00;-14.959756360078666;-12.454849780477767;-12.098654823017085;-10.194515478475115
2018-12-17 16:00:00;-14.847555432872934;-12.611964645429508;-11.872746233498892;-12.120116560447116
2018-12-17 18:00:00;-14.71181323349972;-12.3256168448259;-11.711295684915626;-12.315397631551901
2018-12-17 19:00:00;-14.163583696954667;-13.456980778779025;-11.805828805172055;-12.804855590398196
2018-12-17 20:00:00;-13.779770070424355;-13.581045842753648;-11.928056588974911;-12.58012427258157
2018-12-17 21:00:00;-13.337127335221727;-13.869588714686808;-11.981994321416446;-13.430241778808623
2018-12-17 22:00:00;-13.476606890457406;-13.7492519197555;-12.209142584883779;-12.48392902174285
2018-12-17 23:00:00;-11.84514162343503;-14.245686467602267;-12.048714244630808;-12.796633435095904
2018-12-18 00:00:00;-12.290622799997985;-13.66807254567012;-11.804648832917298;-12.305973043522197
2018-12-18 01:00:00;-12.986403484968495;-13.845773392364466;-11.81241514575788;-12.970089798024562
2018-12-18 02:00:00;-13.27833100006751;-13.540209982283853;-12.172310529105674;-12.085916181913976
2018-12-18 03:00:00;-13.615181916623774;-13.919586657492184;-12.028749195376854;-11.800582415821541
2018-12-18 04:00:00;-14.201277967216361;-13.361931997980518;-12.04880265793718;-12.05326206301634
2018-12-18 05:00:00;-13.998205289527252;-13.206487814712839;-12.12485838656733;-12.918543981996974
2018-12-18 06:00:00;-14.310320329693056;-13.3584351208159;-12.30678542006332;-12.281135699949955
2018-12-18 07:00:00;-14.27619398581154;-13.866315009944797;-12.171216330625175;-12.776152963597864
2018-12-18 08:00:00;-14.393165384534692;-13.490033170903137;-11.85257876310324;-12.609559118491486
2018-12-18 09:00:00;-14.64128267425739;-13.780359521112297;-12.342436775874429;-11.537362306569467
2018-12-18 10:00:00;-14.21872378056839;-13.666060274218127;-12.000980035588178;-11.17856694595224
2018-12-18 11:00:00;-14.454678451481579;-13.016083932882394;-12.013300431624916;-11.22551413334059
2018-12-18 12:00:00;-14.72537281650789;-12.795389305206962;-11.954404062487024;-10.944625337995886
2018-12-18 13:00:00;-14.761759318272222;-12.81046113750435;-11.731283239000659;-11.544740968697315
2018-12-18 14:00:00;-14.824946982564143;-12.64876459643011;-12.14729490079845;-10.476411435503723
2018-12-18 15:00:00;-14.809326079438325;-12.990684173508967;-11.938156116633658;-10.075769354431417
2018-12-18 16:00:00;-13.76350862115846;-12.317455597805957;-11.958755817742782;-11.731959477288077
2018-12-18 18:00:00;-14.061889236727497;-12.096237921346413;-12.133774330157884;-12.34677247914679
2018-12-18 19:00:00;-13.927286487581076;-13.111594859150523;-12.4057548822699;-12.440421811056755
2018-12-18 20:00:00;-13.284026426241507;-13.491487872608884;-12.124754817457513;-12.881425761358368
2018-12-18 21:00:00;-13.906584851743029;-13.561993990969157;-12.271125868206443;-13.316022833539858
2018-12-18 22:00:00;-13.507130360276966;-13.831700108422;-12.361313626080548;-13.242763252170883
2018-12-18 23:00:00;-12.921803224255154;-14.097372397362404;-12.396468289643572;-13.796348052241497
2018-12-19 00:00:00;-12.220312572610156;-14.060385692278002;-12.211706867609161;-13.397644899776454
2018-12-19 01:00:00;-12.491531679196722;-14.390502989163755;-11.951327991387956;-13.930386522385591
2018-12-19 02:00:00;-12.761686728081845;-14.144613756159112;-12.459318275688352;-12.952976654474929
2018-12-19 03:00:00;-13.477568069502357;-14.447914984216068;-12.449391990856643;-12.322573776896554
2018-12-19 04:00:00;-13.762167058033711;-13.838869844464567;-12.24388883061047;-13.517856954343708
2018-12-19 05:00:00;-14.226030517591504;-13.473583735911768;-12.382583782697354;-13.228771257095616
2018-12-19 06:00:00;-14.295301554379007;-14.203009275615385;-12.211678738053573;-13.70235230424159
2018-12-19 07:00:00;-14.476173816176457;-14.036839638126375;-12.250596484147357;-13.328168194264936
2018-12-19 08:00:00;-14.734193447458082;-14.32737246104543;-12.400182755375784;-12.583568727390789
2018-12-19 09:00:00;-14.83574796530714;-14.092214187994204;-12.164411030443603;-11.46715297899172
2018-12-19 10:00:00;-14.918334389707015;-13.627349681894854;-12.154728553581629;-11.400934072074108
2018-12-19 11:00:00;-14.948183347548333;-12.954100671048463;-11.926682980140582;-11.684025887036638
2018-12-19 12:00:00;-14.653384522658419;-12.916336109557369;-12.162136001159624;-11.911932697468538
2018-12-19 13:00:00;-14.798358559818334;-13.085314728166628;-12.20462985134291;-10.265483064142845
2018-12-19 14:00:00;-14.938423313792539;-13.198903739057684;-12.204662822200659;-8.052483413895718
2018-12-19 15:00:00;-14.98645337403121;-12.122214259678142;-11.909149357599766;-8.869439697719505
2018-12-19 16:00:00;-14.155999542183249;-10.702648427195173;-12.01016346674195;-12.392706279744452
2018-12-19 18:00:00;-13.019589972482146;-11.338646582001878;-12.283172626509913;-11.212863071353716
2018-12-19 19:00:00;-13.385169755100065;-13.466584459769031;-12.096445669016582;-12.414212334939666
2018-12-19 20:00:00;-14.074629979442134;-12.774047716709047;-12.07591828210076;-12.713968564574667
2018-12-19 21:00:00;-14.544186222168761;-13.510181945801675;-11.9965883109555;-12.57510599066891
2018-12-19 22:00:00;-12.909545305631218;-13.68599727152449;-12.102258560726549;-11.945846799670937
2018-12-19 23:00:00;-9.757320321192672;-13.585063178421207;-12.001155107547158;-11.351521401683534
2018-12-20 00:00:00;-10.818735836281478;-13.191677906718168;-12.306881497667492;-11.838437905859278
2018-12-20 01:00:00;-11.916797608935067;-12.831936520532802;-11.896824289357886;-12.729487267879186
2018-12-20 02:00:00;-13.011732314186162;-13.12981664796533;-11.917603787171151;-12.13859084849761
2018-12-20 03:00:00;-13.956000556136184;-13.651948897978283;-12.490181384437292;-11.28823363795895
2018-12-20 04:00:00;-14.144932870229324;-13.289696636033524;-12.092109413087767;-12.327498157299587
2018-12-20 05:00:00;-13.334868687747752;-12.798689512732762;-11.977338847495245;-12.045444208876331
2018-12-20 06:00:00;-12.24165688733891;-13.410381127283234;-12.261339236714722;-12.471938799179673
2018-12-20 07:00:00;-12.937576578270924;-13.248197437299252;-12.090023033515509;-11.42710998067835
2018-12-20 08:00:00;-13.786608420670547;-13.494452536727048;-12.117044657337871;-11.733642915249797
2018-12-20 09:00:00;-14.230551378229062;-12.884045665464434;-12.35037273143968;-9.683108045460978
2018-12-20 10:00:00;-14.567858807803283;-13.049020379515976;-12.063261723772985;-9.897763866193813
2018-12-20 11:00:00;-13.542054610564254;-11.842440038277774;-12.122097658379573;-9.759311331142383
2018-12-20 12:00:00;-14.242653638551001;-11.967063165350499;-12.139297357528898;-9.8900847083386
2018-12-20 13:00:00;-13.345827071685214;-11.883913802700343;-12.154554469110186;-10.032499755731235
2018-12-20 14:00:00;-14.141257768278338;-11.973783538229407;-12.307305045129064;-9.061472435444523
2018-12-20 15:00:00;-12.791167263127525;-11.924112040175686;-12.262855248220514;-9.654564338236202
2018-12-20 16:00:00;-13.673488093896957;-11.233097292931951;-12.253801606190601;-10.953360527021038
2018-12-20 18:00:00;-14.211262313200358;-11.635163925011796;-12.20481294894526;-12.18748232452902
2018-12-20 19:00:00;-11.517201234150914;-12.513489348149855;-12.131893994392035;-11.672278617109106
2018-12-20 20:00:00;-12.279705797564322;-13.311119648659725;-12.273402349273796;-12.06630084157664
2018-12-20 21:00:00;-12.320805473164148;-12.980506607923616;-11.978500471525523;-12.32651774130687
2018-12-20 22:00:00;-12.533831412582362;-13.245434745033963;-12.100336575658776;-12.376334844516421
2018-12-20 23:00:00;-13.100548369315872;-13.424069556632261;-11.978320107496227;-12.868158471271308
2018-12-21 00:00:00;-12.139592279377663;-13.474759490683908;-11.932947186690589;-12.591500508046938
2018-12-21 01:00:00;-12.977074464809728;-13.802149273938609;-11.898320324529696;-12.846120361720226
2018-12-21 02:00:00;-13.6183465270192;-13.621281870964392;-12.030036801418113;-12.551813369776639
2018-12-21 03:00:00;-13.955773843939484;-13.792414465878059;-12.004809476004906;-11.906164018386377
2018-12-21 04:00:00;-14.292279644293084;-13.592841509164534;-12.039485749379885;-11.709326354399657
2018-12-21 05:00:00;-14.248515274457892;-13.1709991867244;-12.07023813008728;-11.805902912164868
2018-12-21 06:00:00;-13.535560853093754;-13.047107295583427;-11.622416348981059;-11.727802848207194
2018-12-21 07:00:00;-14.015487570900907;-13.095589809916179;-11.78358814647357;-12.016917269157654
2018-12-21 08:00:00;-14.099171981849853;-13.044940215851675;-12.242394931150862;-11.477501454668614
2018-12-21 09:00:00;-12.821344709301181;-13.227454314586288;-12.08259622656382;-10.238417714741454
2018-12-21 10:00:00;-13.424910980105112;-12.850045662923533;-12.069907351875292;-9.699555265402758
2018-12-21 11:00:00;-13.91067774862323;-12.008870458234329;-12.0064397392154;-9.736373655443897
2018-12-21 12:00:00;-14.287875969111974;-11.625355356212614;-11.917306403905735;-9.684312913553219
2018-12-21 13:00:00;-14.51314480500817;-11.626122052538005;-12.007101049912315;-10.082804712569933
2018-12-21 14:00:00;-13.402525661919949;-11.587795502910188;-11.946238757644073;-10.143304597261897
2018-12-21 15:00:00;-13.507897224881276;-11.85219193584898;-11.983734179527609;-9.631612950147732
2018-12-21 16:00:00;-13.784421037379166;-11.86269439113216;-12.13440907901944;-12.276885493017769
2018-12-23 18:00:00;-12.291527863578235;-11.576410095582322;-12.167191457297315;-10.151503192654893
2018-12-23 19:00:00;-12.163165922758324;-13.311332257392378;-11.852613982605394;-12.200033668334084
2018-12-23 20:00:00;-13.009219929551387;-11.952040695909776;-11.955346521790332;-11.788401775178096
2018-12-23 21:00:00;-13.437345427455531;-13.321228254505458;-11.836941120191144;-12.475713215002747
2018-12-23 22:00:00;-11.807394028178642;-13.081583302735224;-12.046527516193287;-12.93741448980793
2018-12-23 23:00:00;-12.611219779253648;-13.551047569591185;-11.919687998177611;-12.555775675023309
2018-12-24 00:00:00;-13.358287118929685;-13.83129000873918;-12.056033848556732;-13.242259577831854
2018-12-24 01:00:00;-13.30239005382239;-13.596690355153823;-11.899289644774568;-13.19535346407604
2018-12-24 02:00:00;-13.937865130113385;-14.064324157564338;-12.033389171128395;-12.376332706985638
2018-12-24 03:00:00;-14.424109267590053;-14.034085558444632;-11.955069366900592;-12.0476628009603
2018-12-24 04:00:00;-14.054514729433373;-13.496981473206427;-11.885802838299965;-12.518040331637774
2018-12-24 05:00:00;-14.43623705905894;-13.304750690902324;-12.083597981858105;-12.769696090200528
2018-12-24 06:00:00;-14.590099082105114;-13.60979258564385;-11.931585499046408;-12.691650757041698
2018-12-24 07:00:00;-14.638804894807045;-13.771965840295485;-12.031888846860765;-10.454172786820054
2018-12-24 08:00:00;-14.675983037486871;-13.65511033417086;-12.31060767670607;-10.315115272716278
2018-12-24 09:00:00;-14.683086410133201;-12.173173291804618;-11.742854674267182;-9.655821353332291
2018-12-24 10:00:00;-14.626572767368009;-12.041008843738696;-12.122419649077354;-9.521334255678147
2018-12-24 11:00:00;-14.095686564704945;-11.573730043470041;-12.019450785010578;-9.338810283430831
2018-12-24 12:00:00;-11.231596213975365;-11.43358947612395;-11.916960865851854;-9.483122480814036
2018-12-24 13:00:00;-12.495615909950251;-11.270836586591308;-12.099418895823469;-11.721291227673317
2018-12-25 18:00:00;-12.209507334147986;-11.437322269695525;-11.902834085428106;-9.080787725772034
2018-12-25 19:00:00;-12.44174158990362;-12.781049978851577;-12.182806820655;-11.106964416856007
2018-12-25 20:00:00;-11.603917197970901;-11.070890521631007;-12.037353588371346;-10.582746981989434
2018-12-25 21:00:00;-11.75225798772362;-12.399612168487838;-11.68357797755862;-11.424071368260876
2018-12-25 22:00:00;-12.415631957378528;-12.067788057796305;-11.954537396682651;-11.516296355393036
2018-12-25 23:00:00;-13.442821848706457;-12.64533389389158;-12.165690674125536;-11.757760155046345
2018-12-26 00:00:00;-13.139539698851111;-12.719444413382286;-11.932010643935836;-10.677762354773064
2018-12-26 01:00:00;-13.657698696557231;-12.85025597959293;-11.924125158914562;-11.676459846863205
2018-12-26 02:00:00;-13.95023610443284;-12.151150670996032;-12.18386079968518;-12.11849124347728
2018-12-26 03:00:00;-13.489222914081758;-12.818373323446105;-11.96968448356866;-11.599050272948972
2018-12-26 04:00:00;-13.544539635158582;-13.093314204520349;-11.906482519571831;-11.679588517493581
2018-12-26 05:00:00;-13.502601459240893;-12.753975055636838;-12.019665982300666;-11.434433900493634
2018-12-26 06:00:00;-14.004700126176424;-12.805290447052238;-11.898809344933555;-11.844346944695735
2018-12-26 07:00:00;-13.479294960099667;-12.652674170697031;-12.059217698274512;-10.79731572374594
2018-12-26 08:00:00;-13.45230014701979;-12.891631185678154;-12.007258236953813;-11.034783544542801
2018-12-26 09:00:00;-13.77598743514037;-12.188473462740667;-12.198520781556349;-9.86098150296053
2018-12-26 10:00:00;-14.086783400448486;-12.270993219945202;-12.022596273874106;-9.556125462092222
2018-12-26 11:00:00;-12.976305559445079;-11.446593473832435;-11.937010205836216;-10.184228991684073
2018-12-26 12:00:00;-13.447025678438527;-11.233710218964829;-11.852245359268487;-9.997651152817978
2018-12-26 13:00:00;-13.759866535062585;-11.6096508880506;-11.96671434071473;-10.405572346739449
2018-12-26 14:00:00;-12.692744476343767;-11.471522756882917;-11.90397777508236;-9.860040109309072
2018-12-26 15:00:00;-10.405445545554256;-11.677342025207317;-11.972004409639663;-10.274136763286238
2018-12-26 16:00:00;-11.23366208067566;-11.31334868510981;-11.911477086285512;-11.639971555584225
2018-12-26 18:00:00;-12.972517095590726;-11.616584143746696;-11.995822069360628;-12.308305006629457
2018-12-26 19:00:00;-14.155963064484663;-12.534518028360505;-12.17649404532593;-11.946610153691118
2018-12-26 20:00:00;-10.60906763658541;-12.967272803077163;-11.953384023777595;-12.683212484798286
2018-12-26 21:00:00;-11.46332679214775;-12.77107726496269;-12.042951233938908;-12.741249784296349
2018-12-26 22:00:00;-12.299324157847671;-13.28530885216284;-12.073934285457897;-13.21878679683492
2018-12-26 23:00:00;-13.063288277428896;-13.378816542237884;-12.019541268872157;-13.25323064807318
2018-12-27 00:00:00;-13.668372767020987;-13.740132339195087;-12.1305792002781;-10.975477233876177
2018-12-27 01:00:00;-14.238435242352308;-13.684435859171794;-12.12275404838885;-11.980198558011816
2018-12-27 02:00:00;-14.260924946983812;-12.239936836622293;-11.872652525295779;-11.92592532913433
2018-12-27 03:00:00;-13.938067511257097;-12.894625253187966;-12.007206963072672;-11.4754535849259
2018-12-27 04:00:00;-14.185854616684464;-12.832665353884002;-12.213646679705104;-11.381597244568935
2018-12-27 05:00:00;-13.871256255311955;-12.55290508478452;-12.308942306599203;-10.796876732197255
2018-12-27 06:00:00;-12.8124354684969;-12.461304752884876;-12.179343730450247;-11.29976903919474
2018-12-27 07:00:00;-12.13126261120306;-12.078419410443757;-11.988218698290774;-11.278793348360937
2018-12-27 08:00:00;-12.788585482856442;-12.402234343350212;-12.122696960435707;-10.726520551872257
2018-12-27 09:00:00;-13.48095601561548;-12.352447156134227;-11.990696813721714;-9.860607021814538
2018-12-27 10:00:00;-14.051581883565998;-11.936748908584777;-11.954613927269635;-9.539199177242343
2018-12-27 11:00:00;-14.391507414181678;-11.321571736533977;-12.113085704766538;-10.09635539745972
2018-12-27 12:00:00;-14.174962761739879;-11.101028260889386;-11.773366631536563;-9.945215092570734
2018-12-27 13:00:00;-14.360709486864724;-11.42669332280771;-11.963693180051298;-10.48781270873049
2018-12-27 14:00:00;-13.29679668893288;-11.32600522098033;-12.05826074888071;-9.76124707703356
2018-12-27 15:00:00;-13.331001107888826;-11.630638456491075;-11.976710148505184;-9.033651903753263
2018-12-27 16:00:00;-12.358299419099968;-11.111492534243654;-12.068789064284065;-11.27841971761763
2018-12-27 18:00:00;-11.848318352551644;-10.715811812221139;-11.877958382573386;-11.292456003201215
2018-12-27 19:00:00;-9.928772243162644;-12.130253506285756;-12.090364457753182;-11.811634766550046
2018-12-27 20:00:00;-10.976689878720073;-12.170268503150647;-12.11426629460421;-11.907823829738987
2018-12-27 21:00:00;-11.968570609327521;-12.521098142205004;-12.37857546636734;-12.200738784878935
2018-12-27 22:00:00;-12.943069249472801;-12.622168886520477;-12.22103870944152;-12.579279226560622
2018-12-27 23:00:00;-13.26336486990679;-12.852699893943203;-11.95716141256878;-11.68922039799769
2018-12-28 00:00:00;-13.807141089241144;-13.085053592213763;-11.944525786130082;-12.266918781354148
2018-12-28 01:00:00;-13.731669575529194;-12.541866710727685;-12.083641362547727;-11.481122874710648
2018-12-28 02:00:00;-13.603026558426297;-12.904724679077425;-11.845185327228458;-11.780610519008313
2018-12-28 03:00:00;-13.495418926938333;-12.409111095521702;-12.340247974790449;-11.177797473615605
2018-12-28 04:00:00;-14.081917439395438;-12.581137479739843;-11.975018432617674;-11.931977359911878
2018-12-28 05:00:00;-13.314220026510236;-12.222168558544476;-11.856158118181916;-11.89894982220049
2018-12-28 06:00:00;-13.756069227336994;-12.726198772631264;-12.156642005800213;-11.296431085489857
2018-12-28 07:00:00;-13.289299558581087;-12.687349672935701;-11.766845500500688;-11.19886377182332
2018-12-28 08:00:00;-13.946894624020013;-12.29282932862548;-11.93461592655541;-11.362105065091363
2018-12-28 09:00:00;-14.275896530221852;-12.232286650463543;-11.754268954155368;-10.503389220914165
2018-12-28 10:00:00;-14.42043651211535;-12.291062387997583;-11.856487557944977;-9.919673008619048
2018-12-28 11:00:00;-14.298850238966969;-11.695319108493768;-12.00988490365429;-10.156769819564978
2018-12-28 12:00:00;-12.247507538586975;-11.310698767174669;-11.878725400726772;-10.531078953653566
2018-12-28 13:00:00;-12.634684286509382;-11.463849995424368;-11.902893579110064;-10.663786071478487
2018-12-28 14:00:00;-13.39172916909952;-11.703464341074097;-12.090097147142384;-10.362423224968804
2018-12-28 15:00:00;-13.72006729223614;-11.75002130967122;-11.813426379694837;-9.30978864277781
2018-12-28 16:00:00;-11.686333503217583;-11.49936195508983;-11.88081946469487;-11.876303067935572
2018-12-30 18:00:00;-11.030791197617843;-10.902422149327466;-11.667953452984738;-9.75029331825807
2018-12-30 19:00:00;-12.069303390329168;-12.575353041665318;-11.842376264736517;-12.32645942717326
2018-12-30 20:00:00;-12.952729328014062;-11.217625948254875;-11.736690502684798;-13.080747763215703
2018-12-30 21:00:00;-13.675301261221025;-13.06439318317799;-11.753222240397484;-13.49985742452165
2018-12-30 22:00:00;-13.754702793608988;-13.656518782072885;-11.6729422281436;-12.933385068630283
2018-12-30 23:00:00;-14.033946895531857;-13.97294822909175;-11.623683075262539;-13.096645505877788
2018-12-31 00:00:00;-14.263670242897465;-13.649157783431976;-11.535957459756329;-14.207776062529609
2018-12-31 01:00:00;-14.252729714048773;-13.890782645841389;-11.944032682711631;-13.692838348149559
2018-12-31 02:00:00;-14.176305720585717;-14.70634592786858;-11.630259514352742;-13.041332837860761
2018-12-31 03:00:00;-14.215121082574106;-14.36041410819986;-11.62559031899565;-12.757914814939054
2018-12-31 04:00:00;-14.233191333292558;-13.926822104359216;-11.805618119171742;-13.440349158283567
2018-12-31 05:00:00;-14.301288634404914;-13.775725939448803;-11.652830232362707;-13.23412416560392
2018-12-31 06:00:00;-14.43220743640667;-14.29287493683823;-11.819837926624572;-13.228863697060746
2018-12-31 07:00:00;-14.449978871684358;-14.186170452141388;-11.899357822085936;-12.7088094489105
2018-12-31 08:00:00;-14.031613256984286;-14.186309247234943;-11.889635364147894;-12.419320660816515
2018-12-31 09:00:00;-13.588389376975893;-13.821991384632744;-12.050126276180842;-11.846303612382656
2018-12-31 10:00:00;-14.101446206195492;-13.602850106071811;-11.875271022200387;-11.030165889264124
2018-12-31 11:00:00;-13.315531257819076;-13.123701763476218;-11.62485916533803;-10.702331291902533
2018-12-31 12:00:00;-13.734277836525536;-12.503373654805356;-11.767992943018386;-11.05414080667202
2018-12-31 13:00:00;-13.55649565753009;-12.26810815242043;-11.945969950445743;-11.888549798411486
2018-12-31 14:00:00;-13.919558038368185;-12.539345308876461;-11.885494729965785;-10.458004253428802
2018-12-31 15:00:00;-14.194313481018005;-13.052757529881228;-11.6103682978294;-9.585864379943969
2018-12-31 16:00:00;-12.813777164078848;-12.00037465314598;-11.919962724427812;-12.55558196146098
